ID,Primer,Barcode,Tag,Label(col/row)
N701, CAAGCAGAAGACGGCATACGAGATTCGCCTTAGTCTCGTGGGCTCGG,TCGCCTTA,N1,1
N702, CAAGCAGAAGACGGCATACGAGATCTAGTACGGTCTCGTGGGCTCGG,CTAGTACG,N2,2
N703, CAAGCAGAAGACGGCATACGAGATTTCTGCCTGTCTCGTGGGCTCGG,TTCTGCCT,N3,3
N704, CAAGCAGAAGACGGCATACGAGATGCTCAGGAGTCTCGTGGGCTCGG,GCTCAGGA,N4,4
N705, CAAGCAGAAGACGGCATACGAGATAGGAGTCCGTCTCGTGGGCTCGG,AGGAGTCC,N5,5
N706, CAAGCAGAAGACGGCATACGAGATCATGCCTAGTCTCGTGGGCTCGG,CATGCCTA,N6,6
N707, CAAGCAGAAGACGGCATACGAGATGTAGAGAGGTCTCGTGGGCTCGG,GTAGAGAG,N7,7
N708, CAAGCAGAAGACGGCATACGAGATCAGCCTCGGTCTCGTGGGCTCGG,CAGCCTCG,N8,8
N709, CAAGCAGAAGACGGCATACGAGATTGCCTCTTGTCTCGTGGGCTCGG,TGCCTCTT,N9,9
N710, CAAGCAGAAGACGGCATACGAGATTCCTCTACGTCTCGTGGGCTCGG,TCCTCTAC,N10,10
N711, CAAGCAGAAGACGGCATACGAGATTCATGAGCGTCTCGTGGGCTCGG,TCATGAGC,N11,11
N712, CAAGCAGAAGACGGCATACGAGATCCTGAGATGTCTCGTGGGCTCGG,CCTGAGAT,N12,12
N713, CAAGCAGAAGACGGCATACGAGATTAGCGAGTGTCTCGTGGGCTCGG,TAGCGAGT,N13,13
N714, CAAGCAGAAGACGGCATACGAGATGTAGCTCCGTCTCGTGGGCTCGG,GTAGCTCC,N14,14
N715, CAAGCAGAAGACGGCATACGAGATTACTACGCGTCTCGTGGGCTCGG,TACTACGC,N15,15
N716, CAAGCAGAAGACGGCATACGAGATAGGCTCCGGTCTCGTGGGCTCGG,AGGCTCCG,N16,16
N717, CAAGCAGAAGACGGCATACGAGATGCAGCGTAGTCTCGTGGGCTCGG,GCAGCGTA,N17,17
N718, CAAGCAGAAGACGGCATACGAGATCTGCGCATGTCTCGTGGGCTCGG,CTGCGCAT,N18,18
N719, CAAGCAGAAGACGGCATACGAGATGAGCGCTAGTCTCGTGGGCTCGG,GAGCGCTA,N19,19
N720, CAAGCAGAAGACGGCATACGAGATCGCTCAGTGTCTCGTGGGCTCGG,CGCTCAGT,N20,20
N721, CAAGCAGAAGACGGCATACGAGATGTCTTAGGGTCTCGTGGGCTCGG,GTCTTAGG,N21,21
N722, CAAGCAGAAGACGGCATACGAGATACTGATCGGTCTCGTGGGCTCGG,ACTGATCG,N22,22
N723, CAAGCAGAAGACGGCATACGAGATTAGCTGCAGTCTCGTGGGCTCGG,TAGCTGCA,N23,23
N724, CAAGCAGAAGACGGCATACGAGATGACGTCGAGTCTCGTGGGCTCGG,GACGTCGA,N24,24
S502, AATGATACGGCGACCACCGAGATCTACACCTCTCTATTCGTCGGCAGCGTC,CTCTCTAT,S2,B
S503, AATGATACGGCGACCACCGAGATCTACACTATCCTCTTCGTCGGCAGCGTC,TATCCTCT,S3,A
S504, AATGATACGGCGACCACCGAGATCTACACGTAAGGAGTCGTCGGCAGCGTC,GTAAGGAG,S4,D
S505, AATGATACGGCGACCACCGAGATCTACACACTGCATATCGTCGGCAGCGTC,ACTGCATA,S5,C
S506, AATGATACGGCGACCACCGAGATCTACACAAGGAGTATCGTCGGCAGCGTC,AAGGAGTA,S6,F
S507, AATGATACGGCGACCACCGAGATCTACACCTAAGCCTTCGTCGGCAGCGTC,CTAAGCCT,S7,E
S508, AATGATACGGCGACCACCGAGATCTACACCGTCTAATTCGTCGGCAGCGTC,CGTCTAAT,S8,H
S509, AATGATACGGCGACCACCGAGATCTACACTCTCTCCGTCGTCGGCAGCGTC,TCTCTCCG,S9,G
S510, AATGATACGGCGACCACCGAGATCTACACTCGACTAGTCGTCGGCAGCGTC,TCGACTAG,S10,J
S511, AATGATACGGCGACCACCGAGATCTACACTTCTAGCTTCGTCGGCAGCGTC,TTCTAGCT,S11,I
S512, AATGATACGGCGACCACCGAGATCTACACCCTAGAGTTCGTCGGCAGCGTC,CCTAGAGT,S12,L
S513, AATGATACGGCGACCACCGAGATCTACACGCGTAAGATCGTCGGCAGCGTC,GCGTAAGA,S13,K
S514, AATGATACGGCGACCACCGAGATCTACACCTATTAAGTCGTCGGCAGCGTC,CTATTAAG,S14,N
S515, AATGATACGGCGACCACCGAGATCTACACAAGGCTATTCGTCGGCAGCGTC,AAGGCTAT,S15,M
S516, AATGATACGGCGACCACCGAGATCTACACGAGCCTTATCGTCGGCAGCGTC,GAGCCTTA,S16,P
S517, AATGATACGGCGACCACCGAGATCTACACTTATGCGATCGTCGGCAGCGTC,TTATGCGA,S17,O
